left	left_label	right	right_label	left_match_type	right_match_type	left_match_val	right_match_val	score	left_simscore	right_simscore	reciprocal_score	conditional_pr_equiv	pr_subClassOf	pr_superClassOf	pr_equivalentTo	pr_other	left_novel	right_novel	left_consistent	right_consistent	equiv_clique_size
http://sweetontology.net/human#Work		PATO:0001026	work	label	label	Work	work	100.0	1.0	1.0	2	0.5	0.22898903703726042	0.20719784903133542	0.3566152649000688	0.20719784903133542	True	True	False	False	3
http://sweetontology.net/humanDecision#Preference		PATO:0000773	preference	label	label	Preference	preference	100.0	1.0	1.0	4	1.0	0.2122405140127806	0.2122405140127806	0.37388164914196187	0.20163732283247693	True	True	False	False	2
http://sweetontology.net/humanResearch#Variable		PATO:0001227	variant	label	hasExactSynonym	Variable	variable	90.0	1.0	1.0	2	0.5	0.21809344303429792	0.21809344303429792	0.3566152649000688	0.20719784903133542	True	True	False	False	3
http://sweetontology.net/matrElement#F		PATO:0001348	F minus mating type	label	hasExactSynonym	F	F-	76.5	1.0	1.0	4	1.0	0.20799626961668777	0.21648475840887352	0.37388164914196187	0.20163732283247693	True	True	False	False	2
http://sweetontology.net/matrElement#H		PATO:0001345	h minus	label	hasExactSynonym	H	h -	76.5	1.0	1.0	2	0.5	0.21809344303429792	0.21809344303429792	0.3566152649000688	0.20719784903133542	True	True	False	False	4
http://sweetontology.net/matrElement#H		PATO:0001346	h plus	label	hasExactSynonym	H	h+	76.5	1.0	1.0	0	0.22972972972972974	0.22115519308269405	0.22115519308269405	0.3475829748118253	0.21010663902278648	True	True	False	False	4
http://sweetontology.net/matrElement#P		PATO:0001346	h plus	label	hasExactSynonym	P	P	90.0	1.0	1.0	0	0.5405405405405406	0.22418508201625773	0.2132514465479702	0.43158060170151963	0.13098286973425233	True	True	False	False	4
http://sweetontology.net/matrFacility#Structure		PATO:0000141	structure	label	label	Structure	structure	100.0	1.0	1.0	2	0.3333333333333333	0.21809344303429792	0.21809344303429792	0.3566152649000688	0.20719784903133542	True	True	False	False	4
http://sweetontology.net/phen#Occurrence		PATO:0000057	occurrence	label	label	Occurrence	occurrence	100.0	1.0	1.0	0	0.35714285714285715	0.22115519308269405	0.22115519308269405	0.3475829748118253	0.21010663902278648	True	True	False	False	5
http://sweetontology.net/phenAtmoFront#Front		PATO:0001900	front	label	label	Front	front	100.0	1.0	0.5	4	1.0	0.20676306064494943	0.20676306064494943	0.3642325992996702	0.22224127941043098	True	True	False	False	2
http://sweetontology.net/phenCryo#Accumulation		PATO:0002269	accumulation	label	label	Accumulation	accumulation	100.0	0.5	1.0	2	0.5	0.21231383544705776	0.21231383544705776	0.3471647456085834	0.2282075834973011	True	True	False	False	3
http://sweetontology.net/phenFluidDynamics#HighPressure	High Pressure	PATO:0001576	increased pressure	label	hasExactSynonym	High Pressure	high pressure	90.0	1.0	0.6666666666666666	4	1.0	0.20855426402880722	0.20855426402880722	0.3673879727128023	0.21550349922958334	True	True	False	False	3
http://sweetontology.net/phenFluidDynamics#LowPressure	Low Pressure	PATO:0001575	decreased pressure	label	hasExactSynonym	Low Pressure	low pressure	90.0	0.6666666666666666	1.0	4	1.0	0.20855426402880722	0.20855426402880722	0.3673879727128023	0.21550349922958334	True	True	False	False	2
http://sweetontology.net/phenFluidTransport#Buoyancy		PATO:0001420	buoyancy	label	label	Buoyancy	buoyancy	100.0	1.0	1.0	4	1.0	0.2122405140127806	0.2122405140127806	0.37388164914196187	0.20163732283247693	True	True	False	False	2
http://sweetontology.net/phenGeolFault#Horizontal		PATO:0001855	horizontal	label	label	Horizontal	horizontal	100.0	1.0	1.0	2	0.5	0.21809344303429792	0.21809344303429792	0.3566152649000688	0.20719784903133542	True	True	False	False	3
http://sweetontology.net/phenGeolFault#Normal		PATO:0000461	normal	label	label	Normal	normal	100.0	0.5	1.0	0	0.2857142857142857	0.215214380164869	0.215214380164869	0.33824597757474917	0.23132526209551293	True	True	False	False	7
http://sweetontology.net/phenMixing#Diffuse		PATO:0001566	distributed	label	hasExactSynonym	Diffuse	diffuse	90.0	1.0	1.0	2	0.3333333333333333	0.21809344303429792	0.21809344303429792	0.3566152649000688	0.20719784903133542	True	True	False	False	5
http://sweetontology.net/phenSolid#Dislocation		PATO:0001852	dislocated	label	hasExactSynonym	Dislocation	dislocation	90.0	1.0	1.0	4	1.0	0.2122405140127806	0.2122405140127806	0.37388164914196187	0.20163732283247693	True	True	False	False	2
http://sweetontology.net/phenSolid#Failure		PATO:0001511	non-functional	label	hasRelatedSynonym	Failure	failure	50.0	1.0	0.5	4	1.0	0.20676306064494943	0.20676306064494943	0.3642325992996702	0.22224127941043098	True	True	False	False	2
http://sweetontology.net/phenSolid#Jagged		PATO:0001368	erose	label	hasRelatedSynonym	Jagged	jagged	50.0	1.0	0.5	4	1.0	0.20676306064494943	0.20676306064494943	0.3642325992996702	0.22224127941043098	True	True	False	False	2
http://sweetontology.net/phenSolid#Strain		PATO:0001034	strain	label	label	Strain	strain	100.0	1.0	1.0	4	1.0	0.2122405140127806	0.2122405140127806	0.37388164914196187	0.20163732283247693	True	True	False	False	2
http://sweetontology.net/phenStar#Prominence		PATO:0015007	prominence	label	label	Prominence	prominence	100.0	1.0	1.0	4	1.0	0.2122405140127806	0.2122405140127806	0.37388164914196187	0.20163732283247693	True	True	False	False	2
http://sweetontology.net/phenSystem#Accumulation		PATO:0002269	accumulation	label	label	Accumulation	accumulation	100.0	0.5	1.0	0	0.5	0.215214380164869	0.215214380164869	0.33824597757474917	0.23132526209551293	True	True	False	False	3
http://sweetontology.net/phenSystem#Loss		PATO:0001999	lacks parts or has fewer parts of type	label	hasExactSynonym	Loss	loss of	76.5	1.0	1.0	4	1.0	0.2122405140127806	0.2122405140127806	0.37388164914196187	0.20163732283247693	True	True	False	False	2
http://sweetontology.net/phenSystem#Variability		PATO:0001303	variability	label	label	Variability	variability	100.0	1.0	1.0	4	1.0	0.2122405140127806	0.2122405140127806	0.37388164914196187	0.20163732283247693	True	True	False	False	2
http://sweetontology.net/phenSystemComplexity#Pattern		PATO:0000060	spatial pattern	label	hasRelatedSynonym	Pattern	pattern	50.0	1.0	1.0	4	1.0	0.2122405140127806	0.2122405140127806	0.37388164914196187	0.20163732283247693	True	True	False	False	2
http://sweetontology.net/proc#Force		PATO:0001035	force	label	label	Force	force	100.0	0.16666666666666666	1.0	2	0.5	0.2086736317394285	0.2086736317394285	0.3412124703295771	0.24144026619156603	True	True	False	False	3
http://sweetontology.net/procChemical#Calcification		PATO:0001447	calcified	label	hasNarrowSynonym	Calcification	calcification	50.0	1.0	1.0	2	0.35714285714285715	0.21809344303429792	0.21809344303429792	0.3566152649000688	0.20719784903133542	True	True	False	False	3
http://sweetontology.net/procChemical#Fluorescence		PATO:0000018	fluorescence	label	label	Fluorescence	fluorescence	100.0	1.0	1.0	4	1.0	0.2122405140127806	0.2122405140127806	0.37388164914196187	0.20163732283247693	True	True	False	False	2
http://sweetontology.net/procChemical#Phosphorescence		PATO:0001298	phosphorescence	label	label	Phosphorescence	phosphorescence	100.0	1.0	1.0	4	1.0	0.2122405140127806	0.2122405140127806	0.37388164914196187	0.20163732283247693	True	True	False	False	2
http://sweetontology.net/procPhysical#Magnetism		PATO:0001682	magnetism	label	label	Magnetism	magnetism	100.0	1.0	1.0	4	1.0	0.2122405140127806	0.2122405140127806	0.37388164914196187	0.20163732283247693	True	True	False	False	2
http://sweetontology.net/procPhysical#Orientation		PATO:0000133	orientation	label	label	Orientation	orientation	100.0	0.5	1.0	0	0.4444444444444444	0.215214380164869	0.215214380164869	0.33824597757474917	0.23132526209551293	True	True	False	False	5
http://sweetontology.net/procPhysical#Pressure		PATO:0001025	pressure	label	label	Pressure	pressure	100.0	1.0	0.5	2	0.3333333333333333	0.21231383544705776	0.21231383544705776	0.3471647456085834	0.2282075834973011	True	True	False	False	4
http://sweetontology.net/procPhysical#Rotation		PATO:0001599	rotated	label	hasExactSynonym	Rotation	rotation	90.0	1.0	1.0	4	1.0	0.2122405140127806	0.2122405140127806	0.37388164914196187	0.20163732283247693	True	True	False	False	2
http://sweetontology.net/procPhysical#Tension		PATO:0002284	tension	label	label	Tension	tension	100.0	0.3333333333333333	1.0	4	1.0	0.20501321404895975	0.20501321404895975	0.3611500797623558	0.22882349213972483	True	True	False	False	2
http://sweetontology.net/prop#Efficiency		PATO:0001029	efficiency	label	label	Efficiency	efficiency	100.0	1.0	1.0	2	0.5	0.21809344303429792	0.21809344303429792	0.3566152649000688	0.20719784903133542	True	True	False	False	3
http://sweetontology.net/prop#Sensitivity		PATO:0000085	sensitivity toward	label	hasExactSynonym	Sensitivity	sensitivity	90.0	1.0	1.0	4	1.0	0.2122405140127806	0.2122405140127806	0.37388164914196187	0.20163732283247693	True	True	False	False	2
http://sweetontology.net/propBinary#Free		PATO:0002316	autogenous	label	hasRelatedSynonym	Free	free	50.0	1.0	1.0	4	1.0	0.2122405140127806	0.2122405140127806	0.37388164914196187	0.20163732283247693	True	True	False	False	2
http://sweetontology.net/propBinary#Polarity		PATO:0002186	polarity	label	label	Polarity	polarity	100.0	1.0	1.0	4	1.0	0.2122405140127806	0.2122405140127806	0.37388164914196187	0.20163732283247693	True	True	False	False	2
http://sweetontology.net/propCharge#Capacitance		PATO:0002205	capacitance	label	label	Capacitance	capacitance	100.0	1.0	1.0	4	1.0	0.2122405140127806	0.2122405140127806	0.37388164914196187	0.20163732283247693	True	True	False	False	2
http://sweetontology.net/propCharge#ElectricCharge		PATO:0002193	electric charge	label	label	ElectricCharge	electric charge	100.0	1.0	1.0	4	1.0	0.2122405140127806	0.2122405140127806	0.37388164914196187	0.20163732283247693	True	True	False	False	2
http://sweetontology.net/propCharge#ElectricPotential		PATO:0001464	electric potential	label	label	ElectricPotential	electric potential	100.0	1.0	1.0	4	1.0	0.2122405140127806	0.2122405140127806	0.37388164914196187	0.20163732283247693	True	True	False	False	2
http://sweetontology.net/propCharge#Permeability		PATO:0000970	permeability	label	label	Permeability	permeability	100.0	1.0	1.0	2	0.5	0.21809344303429792	0.21809344303429792	0.3566152649000688	0.20719784903133542	True	True	False	False	3
http://sweetontology.net/propChemical#Acidity		PATO:0001842	acidity	label	label	Acidity	acidity	100.0	0.5	1.0	0	0.5263157894736842	0.215214380164869	0.215214380164869	0.33824597757474917	0.23132526209551293	True	True	False	False	3
http://sweetontology.net/propChemical#Alkaline		PATO:0001430	alkaline	label	label	Alkaline	alkaline	100.0	0.3333333333333333	1.0	4	1.0	0.20501321404895975	0.20501321404895975	0.3611500797623558	0.22882349213972483	True	True	False	False	6
http://sweetontology.net/propChemical#Composition		PATO:0000025	composition	label	label	Composition	composition	100.0	1.0	1.0	0	0.625	0.22115519308269405	0.22115519308269405	0.3475829748118253	0.21010663902278648	True	True	False	False	3
http://sweetontology.net/propChemical#Reactivity		PATO:0000077	response to	label	hasRelatedSynonym	Reactivity	reactivity	50.0	1.0	1.0	4	1.0	0.2122405140127806	0.2122405140127806	0.37388164914196187	0.20163732283247693	True	True	False	False	2
http://sweetontology.net/propChemical#Solubility		PATO:0001536	solubility	label	label	Solubility	solubility	100.0	1.0	1.0	4	1.0	0.2122405140127806	0.2122405140127806	0.37388164914196187	0.20163732283247693	True	True	False	False	2
http://sweetontology.net/propChemical#pH		PATO:0001842	acidity	label	hasExactSynonym	pH	pH	90.0	0.5	1.0	2	0.47368421052631576	0.21714278874414683	0.21714278874414683	0.43223326866171863	0.13348115384998782	True	True	False	False	3
http://sweetontology.net/propConductivity#Conductivity		PATO:0001585	conductivity	label	label	Conductivity	conductivity	100.0	1.0	1.0	4	1.0	0.2122405140127806	0.2122405140127806	0.37388164914196187	0.20163732283247693	True	True	False	False	2
http://sweetontology.net/propConductivity#ElectricalConductivity		PATO:0001757	electrical conductivity	label	label	ElectricalConductivity	electrical conductivity	100.0	1.0	1.0	4	1.0	0.2122405140127806	0.2122405140127806	0.37388164914196187	0.20163732283247693	True	True	False	False	2
http://sweetontology.net/propConductivity#Resistance		PATO:0001046	resistance to	label	hasExactSynonym	Resistance	resistance	90.0	1.0	1.0	4	1.0	0.2122405140127806	0.2122405140127806	0.37388164914196187	0.20163732283247693	True	True	False	False	2
http://sweetontology.net/propCount#Count		PATO:0000070	amount	label	hasExactSynonym	Count	count	90.0	1.0	1.0	4	1.0	0.2122405140127806	0.2122405140127806	0.37388164914196187	0.20163732283247693	True	True	False	False	2
http://sweetontology.net/propDifference#Amplitude		PATO:0000080	amplitude	label	label	Amplitude	amplitude	100.0	0.5	1.0	4	1.0	0.20676306064494943	0.20676306064494943	0.3642325992996702	0.22224127941043098	True	True	False	False	2
http://sweetontology.net/propDifference#Deviation		PATO:0002175	deviation	label	label	Deviation	deviation	100.0	1.0	0.5	4	1.0	0.20676306064494943	0.20676306064494943	0.3642325992996702	0.22224127941043098	True	True	False	False	2
http://sweetontology.net/propDimensionlessRatio#Electronegativity		PATO:0002197	electronegativity	label	label	Electronegativity	electronegativity	100.0	1.0	0.5	4	1.0	0.20676306064494943	0.20676306064494943	0.3642325992996702	0.22224127941043098	True	True	False	False	2
http://sweetontology.net/propEnergy#Energy		PATO:0001021	energy	label	label	Energy	energy	100.0	0.3333333333333333	1.0	4	1.0	0.20501321404895975	0.20501321404895975	0.3611500797623558	0.22882349213972483	True	True	False	False	2
http://sweetontology.net/propEnergy#Power		PATO:0001024	power	label	label	Power	power	100.0	1.0	0.5	4	1.0	0.20676306064494943	0.20676306064494943	0.3642325992996702	0.22224127941043098	True	True	False	False	2
http://sweetontology.net/propEnergy#Work		PATO:0001026	work	label	label	Work	work	100.0	1.0	0.5	0	0.5	0.22596614086547326	0.20446261946426472	0.33824597757474917	0.23132526209551293	True	True	False	False	3
http://sweetontology.net/propEnergyFlux#Intensity		PATO:0000049	intensity	label	label	Intensity	intensity	100.0	1.0	0.5	4	1.0	0.20676306064494943	0.20676306064494943	0.3642325992996702	0.22224127941043098	True	True	False	False	3
http://sweetontology.net/propEnergyFlux#Luminance		PATO:0001718	luminance	label	label	Luminance	luminance	100.0	1.0	0.5	4	1.0	0.20676306064494943	0.20676306064494943	0.3642325992996702	0.22224127941043098	True	True	False	False	2
http://sweetontology.net/propEnergyFlux#LuminousFlux		PATO:0001296	luminous flux	label	label	LuminousFlux	luminous flux	66.66666666666666	0.3333333333333333	0.5	4	1.0	0.20005347338691923	0.20005347338691923	0.352413029597049	0.24748002362911264	True	True	False	False	2
http://sweetontology.net/propEnergyFlux#Opacity		PATO:0000957	opacity	label	label	Opacity	opacity	100.0	1.0	1.0	4	1.0	0.2122405140127806	0.2122405140127806	0.37388164914196187	0.20163732283247693	True	True	False	False	3
http://sweetontology.net/propFraction#Albedo	Albedo	PATO:0001295	albedo	label	label	Albedo	albedo	100.0	1.0	1.0	4	1.0	0.2122405140127806	0.2122405140127806	0.37388164914196187	0.20163732283247693	True	True	False	False	2
http://sweetontology.net/propFraction#Efficiency		PATO:0001029	efficiency	label	label	Efficiency	efficiency	100.0	1.0	1.0	0	0.5	0.22115519308269405	0.22115519308269405	0.3475829748118253	0.21010663902278648	True	True	False	False	3
http://sweetontology.net/propFraction#Humidity		PATO:0015009	humidity	label	label	Humidity	humidity	100.0	0.5	1.0	4	1.0	0.20676306064494943	0.20676306064494943	0.3642325992996702	0.22224127941043098	True	True	False	False	2
http://sweetontology.net/propFraction#Porosity		PATO:0000973	porosity	label	label	Porosity	porosity	100.0	1.0	1.0	4	1.0	0.2122405140127806	0.2122405140127806	0.37388164914196187	0.20163732283247693	True	True	False	False	3
http://sweetontology.net/propFraction#Reflectivity		PATO:0001297	reflectivity	label	label	Reflectivity	reflectivity	100.0	1.0	1.0	4	1.0	0.2122405140127806	0.2122405140127806	0.37388164914196187	0.20163732283247693	True	True	False	False	2
http://sweetontology.net/propFraction#Refractivity		PATO:0001372	refractivity	label	label	Refractivity	refractivity	100.0	1.0	1.0	4	1.0	0.2122405140127806	0.2122405140127806	0.37388164914196187	0.20163732283247693	True	True	False	False	2
http://sweetontology.net/propFunction#Average		PATO:0000461	normal	label	hasRelatedSynonym	Average	average	50.0	1.0	1.0	2	0.14285714285714285	0.21809344303429792	0.21809344303429792	0.3566152649000688	0.20719784903133542	True	True	False	False	7
http://sweetontology.net/propFunction#Threshold		PATO:0000152	threshold	label	label	Threshold	threshold	100.0	1.0	1.0	4	1.0	0.2122405140127806	0.2122405140127806	0.37388164914196187	0.20163732283247693	True	True	False	False	2
http://sweetontology.net/propIndex#Virulence		PATO:0002146	virulence	label	label	Virulence	virulence	100.0	1.0	1.0	4	1.0	0.2122405140127806	0.2122405140127806	0.37388164914196187	0.20163732283247693	True	True	False	False	2
http://sweetontology.net/propMass#Consistency		PATO:0000037	consistency	label	label	Consistency	consistency	100.0	1.0	1.0	4	1.0	0.2122405140127806	0.2122405140127806	0.37388164914196187	0.20163732283247693	True	True	False	False	3
http://sweetontology.net/propMass#Content		PATO:0000025	composition	label	hasExactSynonym	Content	content	60.0	0.3333333333333333	0.5	2	0.375	0.20524531835574705	0.20524531835574705	0.33560666729179506	0.2539026959967108	True	True	False	False	3
http://sweetontology.net/propMass#Density		PATO:0001019	mass density	label	hasRelatedSynonym	Density	density	50.0	0.3333333333333333	1.0	4	1.0	0.20501321404895975	0.20501321404895975	0.3611500797623558	0.22882349213972483	True	True	False	False	3
http://sweetontology.net/propMass#Elasticity		PATO:0001031	elasticity	label	label	Elasticity	elasticity	100.0	1.0	1.0	4	1.0	0.2122405140127806	0.2122405140127806	0.37388164914196187	0.20163732283247693	True	True	False	False	2
http://sweetontology.net/propMass#Hardness		PATO:0000048	hardness	label	label	Hardness	hardness	100.0	1.0	0.5	4	1.0	0.20676306064494943	0.20676306064494943	0.3642325992996702	0.22224127941043098	True	True	False	False	2
http://sweetontology.net/propMass#Mass		PATO:0000125	mass	label	label	Mass	mass	100.0	1.0	1.0	4	1.0	0.2122405140127806	0.2122405140127806	0.37388164914196187	0.20163732283247693	True	True	False	False	2
http://sweetontology.net/propMass#Solidity		PATO:0001546	quality of a solid	label	hasExactSynonym	Solidity	solidity	90.0	1.0	0.5	4	1.0	0.20676306064494943	0.20676306064494943	0.3642325992996702	0.22224127941043098	True	True	False	False	3
http://sweetontology.net/propMass#SpecificVolume		PATO:0001679	specific volume	label	label	SpecificVolume	specific volume	100.0	1.0	1.0	4	1.0	0.2122405140127806	0.2122405140127806	0.37388164914196187	0.20163732283247693	True	True	False	False	2
http://sweetontology.net/propMass#Structure		PATO:0000141	structure	label	label	Structure	structure	100.0	0.5	1.0	0	0.3333333333333333	0.215214380164869	0.215214380164869	0.33824597757474917	0.23132526209551293	True	True	False	False	4
http://sweetontology.net/propMass#Texture		PATO:0000150	texture	label	label	Texture	texture	100.0	1.0	1.0	4	1.0	0.2122405140127806	0.2122405140127806	0.37388164914196187	0.20163732283247693	True	True	False	False	2
http://sweetontology.net/propMassFlux#Permeability		PATO:0000970	permeability	label	label	Permeability	permeability	100.0	1.0	0.5	0	0.5	0.215214380164869	0.215214380164869	0.33824597757474917	0.23132526209551293	True	True	False	False	3
http://sweetontology.net/propOrdinal#Age		PATO:0000011	age	label	label	Age	age	72.22222222222221	0.4444444444444444	0.5	0	0.3023255813953488	0.20910196771318848	0.20910196771318848	0.3286392825041182	0.2531567820695048	True	True	False	False	4
http://sweetontology.net/propOrdinal#Color		PATO:0000014	color	label	label	Color	color	100.0	0.5	1.0	4	1.0	0.20676306064494943	0.20676306064494943	0.3642325992996702	0.22224127941043098	True	True	False	False	2
http://sweetontology.net/propOrdinal#Quality		PATO:0000001	quality	label	label	Quality	quality	100.0	0.3333333333333333	1.0	4	1.0	0.20501321404895975	0.20501321404895975	0.3611500797623558	0.22882349213972483	True	True	False	False	2
http://sweetontology.net/propPressure#Pressure		PATO:0001025	pressure	label	label	Pressure	pressure	100.0	1.0	0.75	0	0.3333333333333333	0.21814202994412	0.21814202994412	0.3428472768040137	0.2208686633077464	True	True	False	False	4
http://sweetontology.net/propPressure#Stiffness		PATO:0001545	inflexible	label	hasRelatedSynonym	Stiffness	stiffness	50.0	1.0	1.0	2	0.35714285714285715	0.21809344303429792	0.21809344303429792	0.3566152649000688	0.20719784903133542	True	True	False	False	3
http://sweetontology.net/propPressure#Strength		PATO:0001230	strength	label	label	Strength	strength	100.0	1.0	1.0	4	1.0	0.2122405140127806	0.2122405140127806	0.37388164914196187	0.20163732283247693	True	True	False	False	2
http://sweetontology.net/propPressure#SurfaceTension		PATO:0001461	surface tension	label	label	SurfaceTension	surface tension	100.0	0.3333333333333333	1.0	4	1.0	0.20501321404895975	0.20501321404895975	0.3611500797623558	0.22882349213972483	True	True	False	False	2
http://sweetontology.net/propPressure#Viscosity		PATO:0000992	viscosity	label	label	Viscosity	viscosity	100.0	1.0	1.0	4	1.0	0.2122405140127806	0.2122405140127806	0.37388164914196187	0.20163732283247693	True	True	False	False	3
http://sweetontology.net/propQuantity#Flux		PATO:0001030	flux	label	label	Flux	flux	100.0	1.0	0.25	4	1.0	0.20415520673508494	0.20415520673508494	0.3596386190924666	0.2320509674373636	True	True	False	False	2
http://sweetontology.net/propQuantity#Force		PATO:0001035	force	label	label	Force	force	100.0	1.0	1.0	0	0.5	0.22115519308269405	0.22115519308269405	0.3475829748118253	0.21010663902278648	True	True	False	False	3
http://sweetontology.net/propRotation#AngularAcceleration		PATO:0001350	angular acceleration	label	label	AngularAcceleration	angular acceleration	100.0	1.0	1.0	4	1.0	0.2122405140127806	0.2122405140127806	0.37388164914196187	0.20163732283247693	True	True	False	False	2
http://sweetontology.net/propRotation#AngularVelocity		PATO:0001413	angular velocity	label	label	AngularVelocity	angular velocity	100.0	1.0	1.0	4	1.0	0.2122405140127806	0.2122405140127806	0.37388164914196187	0.20163732283247693	True	True	False	False	2
http://sweetontology.net/propSpace#Curvature		PATO:0001591	curvature	label	label	Curvature	curvature	100.0	1.0	0.3333333333333333	4	1.0	0.20501321404895975	0.20501321404895975	0.3611500797623558	0.22882349213972483	True	True	False	False	2
http://sweetontology.net/propSpace#Morphology		PATO:0000051	morphology	label	label	Morphology	morphology	100.0	0.3333333333333333	1.0	4	1.0	0.20501321404895975	0.20501321404895975	0.3611500797623558	0.22882349213972483	True	True	False	False	2
http://sweetontology.net/propSpace#Shape		PATO:0000052	shape	label	label	Shape	shape	82.79569892473117	0.3333333333333333	0.7419354838709677	4	1.0	0.2023955509768249	0.2023955509768249	0.3565388197922218	0.23867007825412856	True	True	False	False	2
http://sweetontology.net/propSpaceDirection#Angle		PATO:0000133	orientation	label	hasRelatedSynonym	Angle	angle	50.0	1.0	0.5	1	0.07407407407407407	0.21231383544705776	0.21231383544705776	0.3471647456085834	0.2282075834973011	True	True	False	False	5
http://sweetontology.net/propSpaceDirection#Angle		PATO:0002326	angle	label	label	Angle	angle	100.0	0.3333333333333333	1.0	0	0.6666666666666666	0.21331921772955784	0.21331921772955784	0.3352674076943179	0.23809415684656643	True	True	False	False	5
http://sweetontology.net/propSpaceDirection#Direction		PATO:0000039	direction	label	label	Direction	direction	100.0	0.35714285714285715	1.0	4	1.0	0.20526048623046272	0.20526048623046272	0.36158567299222183	0.22789335454685264	True	True	False	False	4
http://sweetontology.net/propSpaceDirection#Incidence		PATO:0000057	occurrence	label	hasExactSynonym	Incidence	incidence	90.0	0.5	1.0	2	0.32142857142857145	0.21231383544705776	0.21231383544705776	0.3471647456085834	0.2282075834973011	True	True	False	False	5
http://sweetontology.net/propSpaceDirection#Lateral		PATO:0001193	lateral to	label	hasExactSynonym	Lateral	lateral	90.0	1.0	0.5	4	1.0	0.20676306064494943	0.20676306064494943	0.3642325992996702	0.22224127941043098	True	True	False	False	2
http://sweetontology.net/propSpaceDirection#Orientation		PATO:0000133	orientation	label	label	Orientation	orientation	75.0	0.5	0.5	0	0.3333333333333333	0.2096855743581616	0.2096855743581616	0.3295565195400302	0.2510723317436467	True	True	False	False	5
http://sweetontology.net/propSpaceDistance#Distance		PATO:0000040	distance	label	label	Distance	distance	100.0	1.0	0.16666666666666666	4	1.0	0.20330916097747323	0.20330916097747323	0.3581482298301866	0.23523344821486702	True	True	False	False	2
http://sweetontology.net/propSpaceDistance#Length		PATO:0000122	length	label	label	Length	length	58.33333333333333	0.5	0.16666666666666666	4	1.0	0.1985079547676582	0.1985079547676582	0.34969045302943796	0.25329363743524563	True	True	False	False	2
http://sweetontology.net/propSpaceDistance#Size		PATO:0000117	size	label	label	Size	size	87.5	0.75	0.5	4	1.0	0.20415520673508494	0.20415520673508494	0.3596386190924666	0.2320509674373636	True	True	False	False	2
http://sweetontology.net/propSpaceDistance#Wavelength		PATO:0001242	wavelength	label	label	Wavelength	wavelength	100.0	0.3333333333333333	1.0	4	1.0	0.20501321404895975	0.20501321404895975	0.3611500797623558	0.22882349213972483	True	True	False	False	2
http://sweetontology.net/propSpaceHeight#Depth		PATO:0001595	depth	label	label	Depth	depth	100.0	1.0	0.3333333333333333	2	0.5	0.21046919382394924	0.21046919382394924	0.3441484817910275	0.23491313056107388	True	True	False	False	3
http://sweetontology.net/propSpaceHeight#Elevation		PATO:0001687	elevation	label	label	Elevation	elevation	100.0	1.0	0.25	2	0.5	0.20956501155074564	0.20956501155074564	0.3426700090942315	0.23819996780427727	True	True	False	False	4
http://sweetontology.net/propSpaceHeight#Height		PATO:0000119	height	label	label	Height	height	100.0	1.0	0.25	2	0.5	0.20956501155074564	0.20956501155074564	0.3426700090942315	0.23819996780427727	True	True	False	False	3
http://sweetontology.net/propSpaceLocation#Focus		PATO:0001516	focus	label	label	Focus	focus	100.0	1.0	0.3333333333333333	4	1.0	0.20501321404895975	0.20501321404895975	0.3611500797623558	0.22882349213972483	True	True	False	False	3
http://sweetontology.net/propSpaceLocation#Location		PATO:0000605	obsolete placement value	label	hasRelatedSynonym	Location	location	50.0	0.25	1.0	1	0.17857142857142858	0.20956501155074564	0.20956501155074564	0.3426700090942315	0.23819996780427727	True	True	False	False	4
http://sweetontology.net/propSpaceLocation#Location		PATO:0000140	position	label	hasExactSynonym	Location	location	90.0	0.25	1.0	0	0.30451127819548873	0.2123904361058046	0.2123904361058046	0.33380766951121316	0.24141145827717755	True	True	False	False	4
http://sweetontology.net/propSpaceLocation#Position		PATO:0000605	obsolete placement value	label	hasRelatedSynonym	Position	position	50.0	0.25	1.0	0	0.16666666666666666	0.2123904361058046	0.2123904361058046	0.33380766951121316	0.24141145827717755	True	True	False	False	4
http://sweetontology.net/propSpaceLocation#Position		PATO:0000140	position	label	label	Position	position	100.0	0.25	1.0	0	0.3508771929824561	0.2123904361058046	0.2123904361058046	0.33380766951121316	0.24141145827717755	True	True	False	False	4
http://sweetontology.net/propSpaceMultidimensional#Area		PATO:0001323	area	label	label	Area	area	100.0	1.0	1.0	4	1.0	0.2122405140127806	0.2122405140127806	0.37388164914196187	0.20163732283247693	True	True	False	False	2
http://sweetontology.net/propSpaceMultidimensional#Volume		PATO:0000918	volume	label	label	Volume	volume	100.0	1.0	1.0	4	1.0	0.2122405140127806	0.2122405140127806	0.37388164914196187	0.20163732283247693	True	True	False	False	2
http://sweetontology.net/propSpaceThickness#Thickness		PATO:0000915	thickness	label	label	Thickness	thickness	100.0	1.0	1.0	4	1.0	0.2122405140127806	0.2122405140127806	0.37388164914196187	0.20163732283247693	True	True	False	False	2
http://sweetontology.net/propSpeed#Acceleration	Acceleration	PATO:0001028	acceleration	label	label	Acceleration	acceleration	100.0	1.0	1.0	4	1.0	0.2122405140127806	0.2122405140127806	0.37388164914196187	0.20163732283247693	True	True	False	False	2
http://sweetontology.net/propSpeed#Momentum		PATO:0001023	momentum	label	label	Momentum	momentum	100.0	1.0	1.0	4	1.0	0.2122405140127806	0.2122405140127806	0.37388164914196187	0.20163732283247693	True	True	False	False	2
http://sweetontology.net/propSpeed#Speed		PATO:0000008	speed	label	label	Speed	speed	100.0	1.0	1.0	0	0.6666666666666666	0.22115519308269405	0.22115519308269405	0.3475829748118253	0.21010663902278648	True	True	False	False	4
http://sweetontology.net/propSpeed#Velocity		PATO:0000008	speed	label	hasRelatedSynonym	Velocity	velocity	50.0	1.0	1.0	1	0.1111111111111111	0.21809344303429792	0.21809344303429792	0.3566152649000688	0.20719784903133542	True	True	False	False	4
http://sweetontology.net/propSpeed#Velocity		PATO:0002242	velocity	label	label	Velocity	velocity	100.0	1.0	1.0	0	0.6666666666666666	0.22115519308269405	0.22115519308269405	0.3475829748118253	0.21010663902278648	True	True	False	False	4
http://sweetontology.net/propTemperature#Temperature		PATO:0000146	temperature	label	label	Temperature	temperature	100.0	1.0	1.0	4	1.0	0.2122405140127806	0.2122405140127806	0.37388164914196187	0.20163732283247693	True	True	False	False	2
http://sweetontology.net/propTime#Age		PATO:0000011	age	label	label	Age	age	100.0	0.5	1.0	0	0.4186046511627908	0.215214380164869	0.215214380164869	0.33824597757474917	0.23132526209551293	True	True	False	False	4
http://sweetontology.net/propTime#Duration		PATO:0001309	duration	label	label	Duration	duration	100.0	0.3333333333333333	1.0	0	0.20833333333333334	0.21331921772955784	0.21331921772955784	0.3352674076943179	0.23809415684656643	True	True	False	False	15
http://sweetontology.net/propTime#Episodic		PATO:0002630	episodic	label	label	Episodic	episodic	100.0	1.0	1.0	2	0.5	0.21809344303429792	0.21809344303429792	0.3566152649000688	0.20719784903133542	True	True	False	False	4
http://sweetontology.net/propTime#Latency		PATO:0001005	latency	label	label	Latency	latency	100.0	1.0	1.0	4	1.0	0.2122405140127806	0.2122405140127806	0.37388164914196187	0.20163732283247693	True	True	False	False	2
http://sweetontology.net/propTime#Period		PATO:0001309	duration	label	hasExactSynonym	Period	period	90.0	1.0	1.0	0	0.1875	0.22115519308269405	0.22115519308269405	0.3475829748118253	0.21010663902278648	True	True	False	False	15
http://sweetontology.net/propTime#Time		PATO:0001309	duration	label	hasRelatedSynonym	Time	time	50.0	1.0	1.0	1	0.034722222222222224	0.21809344303429792	0.21809344303429792	0.3566152649000688	0.20719784903133542	True	True	False	False	15
http://sweetontology.net/propTime#Time		PATO:0000165	time	label	label	Time	time	100.0	1.0	0.5	0	0.3333333333333333	0.215214380164869	0.215214380164869	0.33824597757474917	0.23132526209551293	True	True	False	False	15
http://sweetontology.net/propTimeFrequency#Fertility		PATO:0000274	fertility	label	label	Fertility	fertility	100.0	1.0	0.2	4	1.0	0.20364611301523877	0.20364611301523877	0.35874180257075183	0.23396597139877062	True	True	False	False	2
http://sweetontology.net/propTimeFrequency#Frequency		PATO:0000044	frequency	label	label	Frequency	frequency	100.0	1.0	0.36363636363636365	4	1.0	0.20532808484122067	0.20532808484122067	0.36170475430988375	0.227639076007675	True	True	False	False	2
http://sweetontology.net/propTimeFrequency#Incidence		PATO:0000057	occurrence	label	hasExactSynonym	Incidence	incidence	90.0	0.16666666666666666	1.0	0	0.32142857142857145	0.2114749110151213	0.2114749110151213	0.3323687662229889	0.24468141174676844	True	True	False	False	5
http://sweetontology.net/propTimeFrequency#Rate		PATO:0001470	proportionality to	label	hasRelatedSynonym	Rate	rate	50.0	1.0	0.09090909090909091	1	0.07246376811594202	0.2078748065242298	0.2078748065242298	0.3399062721158044	0.244344114835736	True	True	False	False	9
http://sweetontology.net/propTimeFrequency#Rate		PATO:0000161	rate	label	label	Rate	rate	100.0	1.0	0.36363636363636365	0	0.6666666666666666	0.21366014022428498	0.21366014022428498	0.33580322534004337	0.23687649421138662	True	True	False	False	9
http://sweetontology.net/propTimeFrequency#Tendency		PATO:0001727	disposition	label	hasRelatedSynonym	Tendency	tendency	27.27272727272727	0.5	0.09090909090909091	2	0.3333333333333333	0.20289984285434998	0.20289984285434998	0.3317714654828356	0.26242884880846445	True	True	False	False	9
http://sweetontology.net/propTimeFrequency#Tendency		PATO:0002360	tendency	label	label	Tendency	tendency	54.54545454545454	0.5	0.09090909090909091	0	0.6666666666666666	0.20554726622645372	0.20554726622645372	0.32305246493901907	0.26585300260807354	True	True	False	False	9
http://sweetontology.net/realmClimateZone#A		PATO:0001341	a mating type (yeast)	label	hasBroadSynonym	A	a	50.0	1.0	1.0	4	1.0	0.20163732283247693	0.2228437051930843	0.37388164914196187	0.20163732283247693	True	True	False	False	3
http://sweetontology.net/relaSpace#adjacentTo		PATO:0002259	adjacent to	label	label	adjacentTo	adjacent to	100.0	1.0	1.0	4	1.0	0.2122405140127806	0.2122405140127806	0.37388164914196187	0.20163732283247693	True	True	False	False	2
http://sweetontology.net/relaSpace#diameter		PATO:0001334	diameter	label	label	diameter	diameter	100.0	1.0	1.0	4	1.0	0.2373465568588084	0.2373465568588084	0.47351937653234366	0.051787509750039595	True	True	False	False	2
http://sweetontology.net/relaSpace#radius		PATO:0002390	radius	label	label	radius	radius	100.0	1.0	1.0	4	1.0	0.2373465568588084	0.2373465568588084	0.47351937653234366	0.051787509750039595	True	True	False	False	2
http://sweetontology.net/relaSpace#separatedFrom		PATO:0001505	separated from	label	label	separatedFrom	separated from	100.0	1.0	1.0	4	1.0	0.2122405140127806	0.2122405140127806	0.37388164914196187	0.20163732283247693	True	True	False	False	2
http://sweetontology.net/relaSpace#surroundedBy		PATO:0005016	surrounded by	label	label	surroundedBy	surrounded by	100.0	1.0	1.0	4	1.0	0.2122405140127806	0.2122405140127806	0.37388164914196187	0.20163732283247693	True	True	False	False	2
http://sweetontology.net/repr#Qualitative		PATO:0000068	qualitative	label	label	Qualitative	qualitative	100.0	1.0	1.0	4	1.0	0.2122405140127806	0.2122405140127806	0.37388164914196187	0.20163732283247693	True	True	False	False	2
http://sweetontology.net/reprDataModel#Structure		PATO:0000141	structure	label	label	Structure	structure	100.0	1.0	1.0	0	0.3333333333333333	0.22115519308269405	0.22115519308269405	0.3475829748118253	0.21010663902278648	True	True	False	False	4
http://sweetontology.net/reprDataProduct#Offset		PATO:0002436	offset	label	label	Offset	offset	100.0	1.0	1.0	4	1.0	0.2122405140127806	0.2122405140127806	0.37388164914196187	0.20163732283247693	True	True	False	False	2
http://sweetontology.net/reprMath#Constant		PATO:0000438	invariant	label	hasRelatedSynonym	Constant	constant	50.0	1.0	1.0	2	0.3333333333333333	0.21809344303429792	0.21809344303429792	0.3566152649000688	0.20719784903133542	True	True	False	False	3
http://sweetontology.net/reprMath#Variable		PATO:0001227	variant	label	hasExactSynonym	Variable	variable	90.0	1.0	1.0	0	0.5	0.22115519308269405	0.22115519308269405	0.3475829748118253	0.21010663902278648	True	True	False	False	3
http://sweetontology.net/reprMathFunction#Continuous		PATO:0000689	continuous	label	label	Continuous	continuous	100.0	1.0	1.0	0	0.5263157894736842	0.22115519308269405	0.22115519308269405	0.3475829748118253	0.21010663902278648	True	True	False	False	4
http://sweetontology.net/reprMathFunction#Discontinuous		PATO:0000690	discontinuous	label	label	Discontinuous	discontinuous	100.0	1.0	0.5	0	0.3448275862068966	0.215214380164869	0.215214380164869	0.33824597757474917	0.23132526209551293	True	True	False	False	6
http://sweetontology.net/reprMathFunction#Linear		PATO:0001199	linear	label	label	Linear	linear	100.0	1.0	1.0	4	1.0	0.2122405140127806	0.2122405140127806	0.37388164914196187	0.20163732283247693	True	True	False	False	3
http://sweetontology.net/reprMathFunction#Normal		PATO:0000461	normal	label	label	Normal	normal	100.0	1.0	1.0	0	0.2857142857142857	0.22115519308269405	0.22115519308269405	0.3475829748118253	0.21010663902278648	True	True	False	False	7
http://sweetontology.net/reprMathOperation#Quotient		PATO:0001470	proportionality to	label	hasExactSynonym	Quotient	quotient	90.0	1.0	0.125	0	0.391304347826087	0.21102227601954554	0.21102227601954554	0.3316573733948434	0.2462980745660656	True	True	False	False	9
http://sweetontology.net/reprMathOperation#Ratio		PATO:0001470	proportionality to	label	hasExactSynonym	Ratio	ratio	90.0	1.0	0.125	0	0.391304347826087	0.21102227601954554	0.21102227601954554	0.3316573733948434	0.2462980745660656	True	True	False	False	9
http://sweetontology.net/reprMathOperation#Square		PATO:0000413	square	label	label	Square	square	100.0	1.0	1.0	2	0.3333333333333333	0.21809344303429792	0.21809344303429792	0.3566152649000688	0.20719784903133542	True	True	False	False	4
http://sweetontology.net/reprSciFunction#Invariant		PATO:0000438	invariant	label	label	Invariant	invariant	100.0	1.0	1.0	0	0.6666666666666666	0.22115519308269405	0.22115519308269405	0.3475829748118253	0.21010663902278648	True	True	False	False	3
http://sweetontology.net/reprSciMethodology#Active		PATO:0002354	active	label	label	Active	active	100.0	1.0	1.0	2	0.5	0.21809344303429792	0.21809344303429792	0.3566152649000688	0.20719784903133542	True	True	False	False	3
http://sweetontology.net/reprSciMethodology#Passive		PATO:0000764	passive	label	label	Passive	passive	100.0	1.0	1.0	4	1.0	0.2122405140127806	0.2122405140127806	0.37388164914196187	0.20163732283247693	True	True	False	False	2
http://sweetontology.net/reprSpaceCoordinate#Depth		PATO:0001595	depth	label	label	Depth	depth	100.0	1.0	0.25	0	0.5	0.2123904361058046	0.2123904361058046	0.33380766951121316	0.24141145827717755	True	True	False	False	3
http://sweetontology.net/reprSpaceCoordinate#Elevation		PATO:0001687	elevation	label	label	Elevation	elevation	100.0	1.0	0.2	0	0.5	0.21183949769926735	0.21183949769926735	0.3329417761644958	0.24337922843696957	True	True	False	False	4
http://sweetontology.net/reprSpaceCoordinate#Height		PATO:0000119	height	label	label	Height	height	100.0	1.0	0.5	0	0.5	0.215214380164869	0.215214380164869	0.33824597757474917	0.23132526209551293	True	True	False	False	3
http://sweetontology.net/reprSpaceCoordinate#Pressure		PATO:0001025	pressure	label	label	Pressure	pressure	100.0	1.0	0.5	0	0.3333333333333333	0.215214380164869	0.215214380164869	0.33824597757474917	0.23132526209551293	True	True	False	False	4
http://sweetontology.net/reprSpaceCoordinate#Vertical		PATO:0001854	vertical	label	label	Vertical	vertical	100.0	0.2	1.0	2	0.5	0.20902861537442746	0.20902861537442746	0.3417929214484603	0.24014984780268472	True	True	False	False	4
http://sweetontology.net/reprSpaceDirection#Diffuse		PATO:0001566	distributed	label	hasExactSynonym	Diffuse	diffuse	90.0	1.0	0.5	0	0.3333333333333333	0.215214380164869	0.215214380164869	0.33824597757474917	0.23132526209551293	True	True	False	False	5
http://sweetontology.net/reprSpaceDirection#Down		PATO:0000365	down	label	label	Down	down	100.0	0.4	1.0	4	1.0	0.20570789416911844	0.20570789416911844	0.362373824202286	0.22621038745947716	True	True	False	False	2
http://sweetontology.net/reprSpaceDirection#Horizontal		PATO:0001855	horizontal	label	label	Horizontal	horizontal	100.0	1.0	0.3333333333333333	0	0.5	0.21331921772955784	0.21331921772955784	0.3352674076943179	0.23809415684656643	True	True	False	False	3
http://sweetontology.net/reprSpaceDirection#Left		PATO:0000366	left	label	label	Left	left	100.0	1.0	0.6666666666666666	4	1.0	0.20855426402880722	0.20855426402880722	0.3673879727128023	0.21550349922958334	True	True	False	False	2
http://sweetontology.net/reprSpaceDirection#Normal		PATO:0000461	normal	label	label	Normal	normal	100.0	1.0	0.5	0	0.2857142857142857	0.215214380164869	0.215214380164869	0.33824597757474917	0.23132526209551293	True	True	False	False	7
http://sweetontology.net/reprSpaceDirection#Right		PATO:0000367	right	label	label	Right	right	100.0	0.6666666666666666	1.0	4	1.0	0.20855426402880722	0.20855426402880722	0.3673879727128023	0.21550349922958334	True	True	False	False	2
http://sweetontology.net/reprSpaceDirection#Up		PATO:0000370	up	label	label	Up	up	100.0	0.5	1.0	4	1.0	0.20676306064494943	0.20676306064494943	0.3642325992996702	0.22224127941043098	True	True	False	False	2
http://sweetontology.net/reprSpaceDirection#Vertical		PATO:0001854	vertical	label	label	Vertical	vertical	100.0	0.3333333333333333	1.0	0	0.5	0.21331921772955784	0.21331921772955784	0.3352674076943179	0.23809415684656643	True	True	False	False	4
http://sweetontology.net/reprSpaceGeometry#Circular		PATO:0000411	circular	label	label	Circular	circular	100.0	1.0	1.0	0	0.6000000000000001	0.22115519308269405	0.22115519308269405	0.3475829748118253	0.21010663902278648	True	True	False	False	5
http://sweetontology.net/reprSpaceGeometry#Helical		PATO:0000404	coiled	label	hasRelatedSynonym	Helical	helical	50.0	1.0	1.0	2	0.35714285714285715	0.21809344303429792	0.21809344303429792	0.3566152649000688	0.20719784903133542	True	True	False	False	3
http://sweetontology.net/reprSpaceGeometry#Spiral		PATO:0000404	coiled	label	hasExactSynonym	Spiral	spiral	90.0	1.0	1.0	0	0.6428571428571429	0.22115519308269405	0.22115519308269405	0.3475829748118253	0.21010663902278648	True	True	False	False	3
http://sweetontology.net/reprSpaceGeometry#Square		PATO:0000413	square	label	label	Square	square	100.0	1.0	1.0	0	0.3333333333333333	0.22115519308269405	0.22115519308269405	0.3475829748118253	0.21010663902278648	True	True	False	False	4
http://sweetontology.net/reprSpaceGeometry3D#Ellipsoid		PATO:0000947	elliptic	label	hasExactSynonym	Ellipsoid	ellipsoid	90.0	1.0	1.0	2	0.5	0.21809344303429792	0.21809344303429792	0.3566152649000688	0.20719784903133542	True	True	False	False	3
http://sweetontology.net/reprSpaceGeometry3D#Spheroid		PATO:0001865	spheroid	label	label	Spheroid	spheroid	100.0	1.0	1.0	4	1.0	0.2122405140127806	0.2122405140127806	0.37388164914196187	0.20163732283247693	True	True	False	False	2
http://sweetontology.net/reprTime#Duration		PATO:0001309	duration	label	label	Duration	duration	100.0	1.0	1.0	0	0.20833333333333334	0.22115519308269405	0.22115519308269405	0.3475829748118253	0.21010663902278648	True	True	False	False	15
http://sweetontology.net/reprTime#Time		PATO:0001309	duration	label	hasRelatedSynonym	Time	time	50.0	0.125	1.0	0	0.034722222222222224	0.21102227601954554	0.21102227601954554	0.3316573733948434	0.2462980745660656	True	True	False	False	15
http://sweetontology.net/reprTime#Time		PATO:0000165	time	label	label	Time	time	100.0	0.5	1.0	0	0.3333333333333333	0.215214380164869	0.215214380164869	0.33824597757474917	0.23132526209551293	True	True	False	False	15
http://sweetontology.net/stateBiological#Alive		PATO:0001421	alive	label	label	Alive	alive	100.0	1.0	1.0	4	1.0	0.2122405140127806	0.2122405140127806	0.37388164914196187	0.20163732283247693	True	True	False	False	2
http://sweetontology.net/stateBiological#Dead		PATO:0001422	dead	label	label	Dead	dead	100.0	1.0	1.0	4	1.0	0.2122405140127806	0.2122405140127806	0.37388164914196187	0.20163732283247693	True	True	False	False	2
http://sweetontology.net/stateChemical#Aerobic		PATO:0001455	aerobic	label	label	Aerobic	aerobic	100.0	1.0	1.0	4	1.0	0.2122405140127806	0.2122405140127806	0.37388164914196187	0.20163732283247693	True	True	False	False	2
http://sweetontology.net/stateChemical#Aromatic		PATO:0002191	aromatic	label	label	Aromatic	aromatic	100.0	1.0	1.0	4	1.0	0.2122405140127806	0.2122405140127806	0.37388164914196187	0.20163732283247693	True	True	False	False	2
http://sweetontology.net/stateChemical#Calcareous		PATO:0001447	calcified	label	hasExactSynonym	Calcareous	calcareous	90.0	1.0	1.0	0	0.6428571428571429	0.22115519308269405	0.22115519308269405	0.3475829748118253	0.21010663902278648	True	True	False	False	3
http://sweetontology.net/stateChemical#Fixed		PATO:0000300	immobile	label	hasRelatedSynonym	Fixed	fixed	50.0	1.0	1.0	4	1.0	0.2122405140127806	0.2122405140127806	0.37388164914196187	0.20163732283247693	True	True	False	False	2
http://sweetontology.net/stateChemical#Oxidized		PATO:0002223	oxidized	label	label	Oxidized	oxidized	100.0	1.0	1.0	4	1.0	0.2122405140127806	0.2122405140127806	0.37388164914196187	0.20163732283247693	True	True	False	False	2
http://sweetontology.net/stateChemical#Potability		PATO:0025000	potability	label	label	Potability	potability	100.0	1.0	0.5	4	1.0	0.20676306064494943	0.20676306064494943	0.3642325992996702	0.22224127941043098	True	True	False	False	2
http://sweetontology.net/stateChemical#Potable		PATO:0025002	potable	label	label	Potable	potable	100.0	1.0	0.5	4	1.0	0.20676306064494943	0.20676306064494943	0.3642325992996702	0.22224127941043098	True	True	False	False	2
http://sweetontology.net/stateChemical#Radioactive		PATO:0001741	radioactive	label	label	Radioactive	radioactive	100.0	1.0	0.5	4	1.0	0.20676306064494943	0.20676306064494943	0.3642325992996702	0.22224127941043098	True	True	False	False	2
http://sweetontology.net/stateChemical#Radioactivity		PATO:0001740	activity (of a radionuclide)	label	hasExactSynonym	Radioactivity	radioactivity	90.0	1.0	0.5	4	1.0	0.20676306064494943	0.20676306064494943	0.3642325992996702	0.22224127941043098	True	True	False	False	2
http://sweetontology.net/stateDataProcessing#Clustered		PATO:0001629	aggregated	label	hasExactSynonym	Clustered	clustered	90.0	1.0	1.0	4	1.0	0.2122405140127806	0.2122405140127806	0.37388164914196187	0.20163732283247693	True	True	False	False	2
http://sweetontology.net/stateFluid#Laminar		PATO:0002124	laminar	label	label	Laminar	laminar	100.0	1.0	1.0	4	1.0	0.2122405140127806	0.2122405140127806	0.37388164914196187	0.20163732283247693	True	True	False	False	2
http://sweetontology.net/stateFluid#Stratification		PATO:0002067	stratification	label	label	Stratification	stratification	100.0	1.0	0.5	4	1.0	0.20676306064494943	0.20676306064494943	0.3642325992996702	0.22224127941043098	True	True	False	False	2
http://sweetontology.net/stateFluid#Stratified		PATO:0002068	stratified	label	label	Stratified	stratified	100.0	1.0	0.5	4	1.0	0.20676306064494943	0.20676306064494943	0.3642325992996702	0.22224127941043098	True	True	False	False	2
http://sweetontology.net/stateFluid#Viscous		PATO:0000998	viscous	label	label	Viscous	viscous	100.0	1.0	1.0	4	1.0	0.2122405140127806	0.2122405140127806	0.37388164914196187	0.20163732283247693	True	True	False	False	2
http://sweetontology.net/stateOrdinal#Acute		PATO:0000389	acute	label	label	Acute	acute	100.0	1.0	1.0	4	1.0	0.2122405140127806	0.2122405140127806	0.37388164914196187	0.20163732283247693	True	True	False	False	2
http://sweetontology.net/statePhysical#Condensed		PATO:0001485	condensed	label	label	Condensed	condensed	100.0	1.0	1.0	0	0.3448275862068966	0.23220374714260164	0.21010663902278648	0.3475829748118253	0.21010663902278648	True	True	False	False	7
http://sweetontology.net/statePhysical#Diluted		PATO:0001161	diluted	label	label	Diluted	diluted	100.0	1.0	1.0	4	1.0	0.2122405140127806	0.2122405140127806	0.37388164914196187	0.20163732283247693	True	True	False	False	2
http://sweetontology.net/statePhysical#Dissolved		PATO:0001986	dissolved	label	label	Dissolved	dissolved	100.0	1.0	1.0	4	1.0	0.2122405140127806	0.2122405140127806	0.37388164914196187	0.20163732283247693	True	True	False	False	2
http://sweetontology.net/statePhysical#Dry		PATO:0001801	decreased water composition	label	hasRelatedSynonym	Dry	dry	50.0	1.0	1.0	2	0.3333333333333333	0.21809344303429792	0.21809344303429792	0.3566152649000688	0.20719784903133542	True	True	False	False	3
http://sweetontology.net/statePhysical#Dry		PATO:0001824	dry	label	label	Dry	dry	100.0	1.0	1.0	0	0.6666666666666666	0.22115519308269405	0.22115519308269405	0.3475829748118253	0.21010663902278648	True	True	False	False	3
http://sweetontology.net/statePhysical#Frozen		PATO:0001985	frozen	label	label	Frozen	frozen	100.0	1.0	1.0	4	1.0	0.2122405140127806	0.2122405140127806	0.37388164914196187	0.20163732283247693	True	True	False	False	2
http://sweetontology.net/statePhysical#Gas		PATO:0001737	gaseus configuration	label	hasExactSynonym	Gas	gas	90.0	1.0	1.0	4	1.0	0.2122405140127806	0.2122405140127806	0.37388164914196187	0.20163732283247693	True	True	False	False	4
http://sweetontology.net/statePhysical#Gaseous		PATO:0001547	quality of a gas	label	hasExactSynonym	Gaseous	gaseous	90.0	0.6666666666666666	1.0	4	1.0	0.20855426402880722	0.20855426402880722	0.3673879727128023	0.21550349922958334	True	True	False	False	4
http://sweetontology.net/statePhysical#Heavy		PATO:0000582	increased weight	label	hasExactSynonym	Heavy	heavy	90.0	1.0	1.0	2	0.5	0.21809344303429792	0.21809344303429792	0.3566152649000688	0.20719784903133542	True	True	False	False	3
http://sweetontology.net/statePhysical#HighFrequency		PATO:0000380	increased frequency	label	hasExactSynonym	HighFrequency	high frequency	90.0	1.0	1.0	0	0.6428571428571429	0.22115519308269405	0.22115519308269405	0.3475829748118253	0.21010663902278648	True	True	False	False	3
http://sweetontology.net/statePhysical#Humid		PATO:0015010	increased humidity	label	hasRelatedSynonym	Humid	humid	50.0	0.5	1.0	4	1.0	0.20676306064494943	0.20676306064494943	0.3642325992996702	0.22224127941043098	True	True	False	False	2
http://sweetontology.net/statePhysical#Hydrophilic		PATO:0001887	hydrophilic	label	label	Hydrophilic	hydrophilic	100.0	1.0	1.0	4	1.0	0.2122405140127806	0.2122405140127806	0.37388164914196187	0.20163732283247693	True	True	False	False	2
http://sweetontology.net/statePhysical#Hydrophobic		PATO:0001885	hydrophobic	label	label	Hydrophobic	hydrophobic	100.0	1.0	1.0	4	1.0	0.2122405140127806	0.2122405140127806	0.37388164914196187	0.20163732283247693	True	True	False	False	2
http://sweetontology.net/statePhysical#Impermeable		PATO:0000983	impermeable	label	label	Impermeable	impermeable	100.0	1.0	1.0	4	1.0	0.2122405140127806	0.2122405140127806	0.37388164914196187	0.20163732283247693	True	True	False	False	2
http://sweetontology.net/statePhysical#Intermittent		PATO:0000690	discontinuous	label	hasRelatedSynonym	Intermittent	intermittent	50.0	1.0	1.0	2	0.1724137931034483	0.21809344303429792	0.21809344303429792	0.3566152649000688	0.20719784903133542	True	True	False	False	6
http://sweetontology.net/statePhysical#Light		PATO:0000665	high brightness	label	hasExactSynonym	Light	light	90.0	1.0	1.0	2	0.3333333333333333	0.21809344303429792	0.21809344303429792	0.3566152649000688	0.20719784903133542	True	True	False	False	4
http://sweetontology.net/statePhysical#Liquid		PATO:0001735	liquid configuration	label	hasExactSynonym	Liquid	liquid	90.0	1.0	1.0	4	1.0	0.2122405140127806	0.2122405140127806	0.37388164914196187	0.20163732283247693	True	True	False	False	2
http://sweetontology.net/statePhysical#LowFrequency		PATO:0000381	decreased frequency	label	hasExactSynonym	LowFrequency	low frequency	90.0	1.0	1.0	0	0.6428571428571429	0.22115519308269405	0.22115519308269405	0.3475829748118253	0.21010663902278648	True	True	False	False	3
http://sweetontology.net/statePhysical#Permeable		PATO:0002112	perforate	label	hasRelatedSynonym	Permeable	permeable	50.0	1.0	1.0	2	0.3333333333333333	0.21809344303429792	0.21809344303429792	0.3566152649000688	0.20719784903133542	True	True	False	False	5
http://sweetontology.net/statePhysical#Permeable		PATO:0000982	permeable	label	label	Permeable	permeable	100.0	1.0	1.0	0	0.4444444444444444	0.22115519308269405	0.22115519308269405	0.3475829748118253	0.21010663902278648	True	True	False	False	5
http://sweetontology.net/statePhysical#Porous		PATO:0000982	permeable	label	hasRelatedSynonym	Porous	porous	50.0	1.0	1.0	1	0.1111111111111111	0.21809344303429792	0.21809344303429792	0.3566152649000688	0.20719784903133542	True	True	False	False	5
http://sweetontology.net/statePhysical#Porous		PATO:0000984	porous	label	label	Porous	porous	100.0	1.0	1.0	0	0.6666666666666666	0.22115519308269405	0.22115519308269405	0.3475829748118253	0.21010663902278648	True	True	False	False	5
http://sweetontology.net/statePhysical#Scattered		PATO:0001566	distributed	label	hasExactSynonym	Scattered	scattered	90.0	1.0	1.0	0	0.3333333333333333	0.22115519308269405	0.22115519308269405	0.3475829748118253	0.21010663902278648	True	True	False	False	5
http://sweetontology.net/statePhysical#Slow		PATO:0000304	decreased speed	label	hasExactSynonym	Slow	slow	90.0	1.0	1.0	4	1.0	0.2122405140127806	0.2122405140127806	0.37388164914196187	0.20163732283247693	True	True	False	False	2
http://sweetontology.net/statePhysical#Solid		PATO:0001736	solid configuration	label	hasExactSynonym	Solid	solid	90.0	1.0	1.0	4	1.0	0.2122405140127806	0.2122405140127806	0.37388164914196187	0.20163732283247693	True	True	False	False	2
http://sweetontology.net/statePhysical#Wet		PATO:0001823	wet	label	label	Wet	wet	100.0	1.0	1.0	4	1.0	0.2122405140127806	0.2122405140127806	0.37388164914196187	0.20163732283247693	True	True	False	False	2
http://sweetontology.net/stateRealm#Sunken		PATO:0002416	sunken	label	label	Sunken	sunken	100.0	1.0	1.0	4	1.0	0.2122405140127806	0.2122405140127806	0.37388164914196187	0.20163732283247693	True	True	False	False	2
http://sweetontology.net/stateRole#Accessory		PATO:0000470	increased amount	label	hasRelatedSynonym	Accessory	accessory	50.0	1.0	1.0	4	1.0	0.2122405140127806	0.2122405140127806	0.37388164914196187	0.20163732283247693	True	True	False	False	2
http://sweetontology.net/stateRole#Secondary		PATO:0002632	secondary	label	label	Secondary	secondary	100.0	1.0	1.0	4	1.0	0.2122405140127806	0.2122405140127806	0.37388164914196187	0.20163732283247693	True	True	False	False	2
http://sweetontology.net/stateRoleImpact#Great		PATO:0000586	increased size	label	hasRelatedSynonym	Great	great	50.0	1.0	1.0	0	0.35294117647058826	0.22115519308269405	0.22115519308269405	0.3475829748118253	0.21010663902278648	True	True	False	False	4
http://sweetontology.net/stateRoleImpact#Heavy		PATO:0000582	increased weight	label	hasExactSynonym	Heavy	heavy	90.0	0.5	1.0	0	0.5	0.215214380164869	0.215214380164869	0.33824597757474917	0.23132526209551293	True	True	False	False	3
http://sweetontology.net/stateRoleImpact#Light		PATO:0000665	high brightness	label	hasExactSynonym	Light	light	90.0	1.0	0.5	0	0.3333333333333333	0.215214380164869	0.215214380164869	0.33824597757474917	0.23132526209551293	True	True	False	False	4
http://sweetontology.net/stateRoleImpact#Minimal		PATO:0002123	minimal	label	label	Minimal	minimal	100.0	0.3333333333333333	1.0	4	1.0	0.20501321404895975	0.20501321404895975	0.3611500797623558	0.22882349213972483	True	True	False	False	2
http://sweetontology.net/stateRoleImpact#Rough		PATO:0000700	rough	label	label	Rough	rough	100.0	1.0	0.3333333333333333	0	0.3448275862068966	0.21331921772955784	0.21331921772955784	0.3352674076943179	0.23809415684656643	True	True	False	False	4
http://sweetontology.net/stateRoleImpact#Strong		PATO:0001716	non-fragile	label	hasRelatedSynonym	Strong	strong	50.0	0.3333333333333333	1.0	2	0.5	0.21046919382394924	0.21046919382394924	0.3441484817910275	0.23491313056107388	True	True	False	False	3
http://sweetontology.net/stateRoleImpact#Weak		PATO:0001779	decreased strength	label	hasExactSynonym	Weak	weak	90.0	0.3333333333333333	1.0	4	1.0	0.20501321404895975	0.20501321404895975	0.3611500797623558	0.22882349213972483	True	True	False	False	2
http://sweetontology.net/stateRoleRepresentative#Atypical		PATO:0000460	abnormal	label	hasRelatedSynonym	Atypical	atypical	50.0	1.0	1.0	4	1.0	0.2122405140127806	0.2122405140127806	0.37388164914196187	0.20163732283247693	True	True	False	False	2
http://sweetontology.net/stateRoleRepresentative#Robust		PATO:0002310	robust	label	label	Robust	robust	100.0	1.0	1.0	4	1.0	0.2122405140127806	0.2122405140127806	0.37388164914196187	0.20163732283247693	True	True	False	False	2
http://sweetontology.net/stateSolid#Amorphous		PATO:0001332	amorphous	label	label	Amorphous	amorphous	100.0	1.0	1.0	2	0.5	0.21809344303429792	0.21809344303429792	0.3566152649000688	0.20719784903133542	True	True	False	False	3
http://sweetontology.net/stateSolid#Brittle		PATO:0002477	brittle	label	label	Brittle	brittle	100.0	1.0	1.0	4	1.0	0.2122405140127806	0.2122405140127806	0.37388164914196187	0.20163732283247693	True	True	False	False	2
http://sweetontology.net/stateSolid#Compressed		PATO:0002254	flattened	label	hasRelatedSynonym	Compressed	compressed	50.0	1.0	1.0	2	0.35714285714285715	0.21809344303429792	0.21809344303429792	0.3566152649000688	0.20719784903133542	True	True	False	False	7
http://sweetontology.net/stateSolid#Compressed		PATO:0001485	condensed	label	hasExactSynonym	Compressed	compressed	90.0	1.0	1.0	0	0.1995073891625616	0.22115519308269405	0.22115519308269405	0.3475829748118253	0.21010663902278648	True	True	False	False	7
http://sweetontology.net/stateSolid#Deformed		PATO:0001617	deformed	label	label	Deformed	deformed	100.0	1.0	1.0	4	1.0	0.2122405140127806	0.2122405140127806	0.37388164914196187	0.20163732283247693	True	True	False	False	2
http://sweetontology.net/stateSolid#Elastic		PATO:0001171	elastic	label	label	Elastic	elastic	100.0	1.0	1.0	4	1.0	0.2122405140127806	0.2122405140127806	0.37388164914196187	0.20163732283247693	True	True	False	False	2
http://sweetontology.net/stateSolid#Fragmented		PATO:0001444	broken	label	hasExactSynonym	Fragmented	fragmented	90.0	0.5	1.0	2	0.47368421052631576	0.21231383544705776	0.21231383544705776	0.3471647456085834	0.2282075834973011	True	True	False	False	3
http://sweetontology.net/stateSolid#Granular		PATO:0001759	granular	label	label	Granular	granular	100.0	1.0	1.0	4	1.0	0.2122405140127806	0.2122405140127806	0.37388164914196187	0.20163732283247693	True	True	False	False	2
http://sweetontology.net/stateSolid#Hard		PATO:0000386	hard	label	label	Hard	hard	100.0	1.0	1.0	4	1.0	0.2122405140127806	0.2122405140127806	0.37388164914196187	0.20163732283247693	True	True	False	False	2
http://sweetontology.net/stateSolid#Indurated		PATO:0002407	indurated	label	label	Indurated	indurated	100.0	1.0	1.0	4	1.0	0.2122405140127806	0.2122405140127806	0.37388164914196187	0.20163732283247693	True	True	False	False	2
http://sweetontology.net/stateSolid#Pitted		PATO:0002296	foveate	label	hasRelatedSynonym	Pitted	pitted	50.0	1.0	1.0	4	1.0	0.2122405140127806	0.2122405140127806	0.37388164914196187	0.20163732283247693	True	True	False	False	2
http://sweetontology.net/stateSolid#Refractory		PATO:0002631	refractory	label	label	Refractory	refractory	100.0	1.0	1.0	4	1.0	0.2122405140127806	0.2122405140127806	0.37388164914196187	0.20163732283247693	True	True	False	False	2
http://sweetontology.net/stateSolid#Rough		PATO:0000700	rough	label	label	Rough	rough	100.0	1.0	1.0	0	0.3448275862068966	0.22115519308269405	0.22115519308269405	0.3475829748118253	0.21010663902278648	True	True	False	False	4
http://sweetontology.net/stateSolid#Shattered		PATO:0002081	shattered	label	label	Shattered	shattered	100.0	0.5	1.0	4	1.0	0.20676306064494943	0.20676306064494943	0.3642325992996702	0.22224127941043098	True	True	False	False	2
http://sweetontology.net/stateSolid#Soft		PATO:0000387	soft	label	label	Soft	soft	100.0	1.0	1.0	4	1.0	0.2122405140127806	0.2122405140127806	0.37388164914196187	0.20163732283247693	True	True	False	False	2
http://sweetontology.net/stateSolid#Stiff		PATO:0001545	inflexible	label	hasExactSynonym	Stiff	stiff	90.0	1.0	1.0	0	0.6428571428571429	0.22115519308269405	0.22115519308269405	0.3475829748118253	0.21010663902278648	True	True	False	False	3
http://sweetontology.net/stateSpace#Big		PATO:0000586	increased size	label	hasRelatedSynonym	Big	big	50.0	1.0	0.5	0	0.35294117647058826	0.215214380164869	0.215214380164869	0.33824597757474917	0.23132526209551293	True	True	False	False	4
http://sweetontology.net/stateSpace#Coarse		PATO:0000700	rough	label	hasExactSynonym	Coarse	coarse	90.0	0.3333333333333333	1.0	2	0.3103448275862069	0.21046919382394924	0.21046919382394924	0.3441484817910275	0.23491313056107388	True	True	False	False	4
http://sweetontology.net/stateSpace#Deep		PATO:0001596	increased depth	label	hasExactSynonym	Deep	deep	60.0	0.3333333333333333	0.5	4	1.0	0.20005347338691923	0.20005347338691923	0.352413029597049	0.24748002362911264	True	True	False	False	2
http://sweetontology.net/stateSpace#Large		PATO:0000586	increased size	label	hasRelatedSynonym	Large	large	41.666666666666664	0.6666666666666666	0.5	2	0.29411764705882354	0.2086736317394285	0.2086736317394285	0.3412124703295771	0.24144026619156603	True	True	False	False	4
http://sweetontology.net/stateSpace#Mobile		PATO:0000299	mobile	label	label	Mobile	mobile	100.0	1.0	1.0	4	1.0	0.2122405140127806	0.2122405140127806	0.37388164914196187	0.20163732283247693	True	True	False	False	2
http://sweetontology.net/stateSpace#Shallow		PATO:0001472	decreased depth	label	hasExactSynonym	Shallow	shallow	60.0	0.3333333333333333	0.5	4	1.0	0.20005347338691923	0.20005347338691923	0.352413029597049	0.24748002362911264	True	True	False	False	2
http://sweetontology.net/stateSpace#Small		PATO:0000587	decreased size	label	hasRelatedSynonym	Small	small	37.5	0.5	0.5	2	0.42857142857142855	0.20693119032373863	0.20693119032373863	0.3383633190741156	0.24777430027840708	True	True	False	False	3
http://sweetontology.net/stateSpace#Tiny		PATO:0000587	decreased size	label	hasRelatedSynonym	Tiny	tiny	50.0	0.5	1.0	0	0.5714285714285714	0.215214380164869	0.215214380164869	0.33824597757474917	0.23132526209551293	True	True	False	False	3
http://sweetontology.net/stateSpaceConfiguration#Amorphous		PATO:0001332	amorphous	label	label	Amorphous	amorphous	100.0	1.0	1.0	0	0.5	0.22115519308269405	0.22115519308269405	0.3475829748118253	0.21010663902278648	True	True	False	False	3
http://sweetontology.net/stateSpaceConfiguration#Arched		PATO:0001594	arched	label	label	Arched	arched	100.0	1.0	1.0	4	1.0	0.2122405140127806	0.2122405140127806	0.37388164914196187	0.20163732283247693	True	True	False	False	2
http://sweetontology.net/stateSpaceConfiguration#Asymmetric		PATO:0000616	asymmetrical	label	hasExactSynonym	Asymmetric	asymmetric	90.0	0.5	1.0	2	0.5	0.21231383544705776	0.21231383544705776	0.3471647456085834	0.2282075834973011	True	True	False	False	3
http://sweetontology.net/stateSpaceConfiguration#Asymmetry		PATO:0000616	asymmetrical	label	hasExactSynonym	Asymmetry	asymmetry	90.0	0.5	1.0	0	0.5	0.215214380164869	0.215214380164869	0.33824597757474917	0.23132526209551293	True	True	False	False	3
http://sweetontology.net/stateSpaceConfiguration#Bent		PATO:0000617	bent	label	label	Bent	bent	100.0	1.0	0.5	4	1.0	0.20676306064494943	0.20676306064494943	0.3642325992996702	0.22224127941043098	True	True	False	False	2
http://sweetontology.net/stateSpaceConfiguration#Branched		PATO:0000402	branched	label	label	Branched	branched	100.0	1.0	0.5	4	1.0	0.20676306064494943	0.20676306064494943	0.3642325992996702	0.22224127941043098	True	True	False	False	2
http://sweetontology.net/stateSpaceConfiguration#Broad		PATO:0000600	increased width	label	hasRelatedSynonym	Broad	broad	50.0	0.5	1.0	1	0.16666666666666666	0.21231383544705776	0.21231383544705776	0.3471647456085834	0.2282075834973011	True	True	False	False	4
http://sweetontology.net/stateSpaceConfiguration#Broad		PATO:0002359	broad	label	label	Broad	broad	100.0	1.0	1.0	0	0.6666666666666666	0.22115519308269405	0.22115519308269405	0.3475829748118253	0.21010663902278648	True	True	False	False	4
http://sweetontology.net/stateSpaceConfiguration#Compact		PATO:0001485	condensed	label	hasBroadSynonym	Compact	compact	50.0	0.5	1.0	2	0.1724137931034483	0.21231383544705776	0.21231383544705776	0.3471647456085834	0.2282075834973011	True	True	False	False	7
http://sweetontology.net/stateSpaceConfiguration#Concealed		PATO:0002508	concealed	label	label	Concealed	concealed	100.0	1.0	0.5	4	1.0	0.20676306064494943	0.20676306064494943	0.3642325992996702	0.22224127941043098	True	True	False	False	2
http://sweetontology.net/stateSpaceConfiguration#Curved		PATO:0000406	curved	label	label	Curved	curved	100.0	1.0	1.0	4	1.0	0.2122405140127806	0.2122405140127806	0.37388164914196187	0.20163732283247693	True	True	False	False	2
http://sweetontology.net/stateSpaceConfiguration#Dendritic		PATO:0002045	dendritic	label	label	Dendritic	dendritic	100.0	0.5	1.0	4	1.0	0.20676306064494943	0.20676306064494943	0.3642325992996702	0.22224127941043098	True	True	False	False	2
http://sweetontology.net/stateSpaceConfiguration#Dense		PATO:0001485	condensed	label	hasRelatedSynonym	Dense	dense	50.0	1.0	1.0	0	0.05747126436781609	0.22115519308269405	0.22115519308269405	0.3475829748118253	0.21010663902278648	True	True	False	False	7
http://sweetontology.net/stateSpaceConfiguration#Dense		PATO:0001164	dense	label	label	Dense	dense	100.0	1.0	1.0	0	0.6666666666666666	0.22115519308269405	0.22115519308269405	0.3475829748118253	0.21010663902278648	True	True	False	False	7
http://sweetontology.net/stateSpaceConfiguration#Dispersed		PATO:0001630	dispersed	label	label	Dispersed	dispersed	100.0	1.0	1.0	4	1.0	0.2122405140127806	0.2122405140127806	0.37388164914196187	0.20163732283247693	True	True	False	False	2
http://sweetontology.net/stateSpaceConfiguration#Elevated		PATO:0001688	increased elevation	label	hasRelatedSynonym	Elevated	elevated	50.0	1.0	1.0	4	1.0	0.2122405140127806	0.2122405140127806	0.37388164914196187	0.20163732283247693	True	True	False	False	2
http://sweetontology.net/stateSpaceConfiguration#Elliptical		PATO:0000947	elliptic	label	hasExactSynonym	Elliptical	elliptical	90.0	1.0	0.25	0	0.5	0.2123904361058046	0.2123904361058046	0.33380766951121316	0.24141145827717755	True	True	False	False	3
http://sweetontology.net/stateSpaceConfiguration#Elongated		PATO:0001154	elongated	label	label	Elongated	elongated	100.0	0.6666666666666666	1.0	4	1.0	0.20855426402880722	0.20855426402880722	0.3673879727128023	0.21550349922958334	True	True	False	False	2
http://sweetontology.net/stateSpaceConfiguration#Flat		PATO:0000407	flat	label	label	Flat	flat	100.0	1.0	1.0	4	1.0	0.2122405140127806	0.2122405140127806	0.37388164914196187	0.20163732283247693	True	True	False	False	2
http://sweetontology.net/stateSpaceConfiguration#Grooved		PATO:0002255	grooved	label	label	Grooved	grooved	100.0	1.0	0.5	4	1.0	0.20676306064494943	0.20676306064494943	0.3642325992996702	0.22224127941043098	True	True	False	False	2
http://sweetontology.net/stateSpaceConfiguration#Hexagonal		PATO:0002509	hexagonal	label	label	Hexagonal	hexagonal	100.0	1.0	1.0	4	1.0	0.2122405140127806	0.2122405140127806	0.37388164914196187	0.20163732283247693	True	True	False	False	2
http://sweetontology.net/stateSpaceConfiguration#Long		PATO:0000573	increased length	label	hasExactSynonym	Long	long	90.0	1.0	0.3333333333333333	4	1.0	0.20501321404895975	0.20501321404895975	0.3611500797623558	0.22882349213972483	True	True	False	False	2
http://sweetontology.net/stateSpaceConfiguration#Narrow		PATO:0000599	decreased width	label	hasRelatedSynonym	Narrow	narrow	50.0	1.0	0.5	4	1.0	0.20676306064494943	0.20676306064494943	0.3642325992996702	0.22224127941043098	True	True	False	False	2
http://sweetontology.net/stateSpaceConfiguration#Oblate		PATO:0000409	oblate	label	label	Oblate	oblate	100.0	1.0	1.0	4	1.0	0.2122405140127806	0.2122405140127806	0.37388164914196187	0.20163732283247693	True	True	False	False	2
http://sweetontology.net/stateSpaceConfiguration#Open		PATO:0000610	open	label	label	Open	open	100.0	1.0	1.0	2	0.5	0.21809344303429792	0.21809344303429792	0.3566152649000688	0.20719784903133542	True	True	False	False	3
http://sweetontology.net/stateSpaceConfiguration#Prolate		PATO:0001866	prolate	label	label	Prolate	prolate	100.0	1.0	1.0	4	1.0	0.2122405140127806	0.2122405140127806	0.37388164914196187	0.20163732283247693	True	True	False	False	2
http://sweetontology.net/stateSpaceConfiguration#Ridged		PATO:0002358	ridged	label	label	Ridged	ridged	100.0	1.0	1.0	4	1.0	0.2122405140127806	0.2122405140127806	0.37388164914196187	0.20163732283247693	True	True	False	False	2
http://sweetontology.net/stateSpaceConfiguration#Round		PATO:0000411	circular	label	hasRelatedSynonym	Round	round	33.33333333333333	0.3333333333333333	0.5	1	0.07999999999999999	0.20524531835574705	0.20524531835574705	0.33560666729179506	0.2539026959967108	True	True	False	False	5
http://sweetontology.net/stateSpaceConfiguration#Round		PATO:0002397	subcircular	label	hasRelatedSynonym	Round	round	50.0	1.0	0.5	0	0.30000000000000004	0.215214380164869	0.215214380164869	0.33824597757474917	0.23132526209551293	True	True	False	False	5
http://sweetontology.net/stateSpaceConfiguration#Rounded		PATO:0000411	circular	label	hasRelatedSynonym	Rounded	rounded	33.33333333333333	0.5	0.3333333333333333	0	0.07999999999999999	0.20795471136935006	0.20795471136935006	0.3268361741651068	0.2572544030961931	True	True	False	False	5
http://sweetontology.net/stateSpaceConfiguration#Rounded		PATO:0002397	subcircular	label	hasRelatedSynonym	Rounded	rounded	50.0	0.5	1.0	0	0.30000000000000004	0.215214380164869	0.215214380164869	0.33824597757474917	0.23132526209551293	True	True	False	False	5
http://sweetontology.net/stateSpaceConfiguration#Scalloped		PATO:0001889	scalloped	label	label	Scalloped	scalloped	100.0	1.0	1.0	4	1.0	0.2122405140127806	0.2122405140127806	0.37388164914196187	0.20163732283247693	True	True	False	False	2
http://sweetontology.net/stateSpaceConfiguration#Sharp		PATO:0001419	sharp	label	label	Sharp	sharp	100.0	1.0	1.0	4	1.0	0.2122405140127806	0.2122405140127806	0.37388164914196187	0.20163732283247693	True	True	False	False	2
http://sweetontology.net/stateSpaceConfiguration#Short		PATO:0000569	decreased height	label	hasRelatedSynonym	Short	short	50.0	0.5	1.0	2	0.35714285714285715	0.21231383544705776	0.21231383544705776	0.3471647456085834	0.2282075834973011	True	True	False	False	3
http://sweetontology.net/stateSpaceConfiguration#Short		PATO:0000574	decreased length	label	hasExactSynonym	Short	short	90.0	0.5	1.0	0	0.6428571428571429	0.215214380164869	0.215214380164869	0.33824597757474917	0.23132526209551293	True	True	False	False	3
http://sweetontology.net/stateSpaceConfiguration#Sigmoid		PATO:0001878	sigmoid	label	label	Sigmoid	sigmoid	100.0	1.0	1.0	4	1.0	0.2122405140127806	0.2122405140127806	0.37388164914196187	0.20163732283247693	True	True	False	False	2
http://sweetontology.net/stateSpaceConfiguration#Sparse		PATO:0001609	sparse	label	label	Sparse	sparse	100.0	1.0	1.0	4	1.0	0.2122405140127806	0.2122405140127806	0.37388164914196187	0.20163732283247693	True	True	False	False	2
http://sweetontology.net/stateSpaceConfiguration#Spherical		PATO:0001499	spherical	label	label	Spherical	spherical	100.0	1.0	0.25	4	1.0	0.20415520673508494	0.20415520673508494	0.3596386190924666	0.2320509674373636	True	True	False	False	2
http://sweetontology.net/stateSpaceConfiguration#Square		PATO:0000413	square	label	label	Square	square	100.0	1.0	1.0	0	0.3333333333333333	0.22115519308269405	0.22115519308269405	0.3475829748118253	0.21010663902278648	True	True	False	False	4
http://sweetontology.net/stateSpaceConfiguration#Straight		PATO:0002180	straight	label	label	Straight	straight	100.0	1.0	1.0	4	1.0	0.2122405140127806	0.2122405140127806	0.37388164914196187	0.20163732283247693	True	True	False	False	2
http://sweetontology.net/stateSpaceConfiguration#Symmetric		PATO:0000632	symmetrical	label	hasExactSynonym	Symmetric	symmetric	90.0	0.5	1.0	4	1.0	0.20676306064494943	0.20676306064494943	0.3642325992996702	0.22224127941043098	True	True	False	False	2
http://sweetontology.net/stateSpaceConfiguration#Symmetry		PATO:0000965	symmetry	label	label	Symmetry	symmetry	100.0	1.0	0.25	4	1.0	0.20415520673508494	0.20415520673508494	0.3596386190924666	0.2320509674373636	True	True	False	False	2
http://sweetontology.net/stateSpaceConfiguration#Twisted		PATO:0001798	kinked	label	hasRelatedSynonym	Twisted	twisted	50.0	1.0	0.5	2	0.2631578947368421	0.21231383544705776	0.21231383544705776	0.3471647456085834	0.2282075834973011	True	True	False	False	4
http://sweetontology.net/stateSpaceConfiguration#Twisted		PATO:0001989	sinuous	label	hasRelatedSynonym	Twisted	twisted	50.0	1.0	1.0	0	0.2631578947368421	0.22115519308269405	0.22115519308269405	0.3475829748118253	0.21010663902278648	True	True	False	False	4
http://sweetontology.net/stateSpaceConfiguration#Twisted		PATO:0002445	torsioned	label	hasExactSynonym	Twisted	twisted	90.0	1.0	1.0	0	0.47368421052631576	0.22115519308269405	0.22115519308269405	0.3475829748118253	0.21010663902278648	True	True	False	False	4
http://sweetontology.net/stateSpaceConfiguration#Wide		PATO:0000600	increased width	label	hasRelatedSynonym	Wide	wide	50.0	0.5	1.0	0	0.5	0.215214380164869	0.215214380164869	0.33824597757474917	0.23132526209551293	True	True	False	False	4
http://sweetontology.net/stateSpectralBand#Blue		PATO:0000318	blue	label	label	Blue	blue	100.0	1.0	1.0	4	1.0	0.2122405140127806	0.2122405140127806	0.37388164914196187	0.20163732283247693	True	True	False	False	2
http://sweetontology.net/stateSpectralBand#Green		PATO:0000320	green	label	label	Green	green	100.0	1.0	1.0	4	1.0	0.2122405140127806	0.2122405140127806	0.37388164914196187	0.20163732283247693	True	True	False	False	2
http://sweetontology.net/stateSpectralBand#Orange		PATO:0000953	orange	label	label	Orange	orange	100.0	1.0	1.0	4	1.0	0.2122405140127806	0.2122405140127806	0.37388164914196187	0.20163732283247693	True	True	False	False	2
http://sweetontology.net/stateSpectralBand#Red		PATO:0000322	red	label	label	Red	red	100.0	1.0	1.0	4	1.0	0.2122405140127806	0.2122405140127806	0.37388164914196187	0.20163732283247693	True	True	False	False	2
http://sweetontology.net/stateSpectralBand#Violet		PATO:0001424	violet	label	label	Violet	violet	100.0	1.0	1.0	4	1.0	0.2122405140127806	0.2122405140127806	0.37388164914196187	0.20163732283247693	True	True	False	False	2
http://sweetontology.net/stateSpectralBand#Yellow		PATO:0000324	yellow	label	label	Yellow	yellow	100.0	1.0	1.0	4	1.0	0.2122405140127806	0.2122405140127806	0.37388164914196187	0.20163732283247693	True	True	False	False	2
http://sweetontology.net/stateSystem#Active		PATO:0002354	active	label	label	Active	active	100.0	1.0	0.3333333333333333	0	0.5	0.21331921772955784	0.21331921772955784	0.3352674076943179	0.23809415684656643	True	True	False	False	3
http://sweetontology.net/stateSystem#Balance		PATO:0000185	balance	label	label	Balance	balance	100.0	1.0	0.5	4	1.0	0.20676306064494943	0.20676306064494943	0.3642325992996702	0.22224127941043098	True	True	False	False	2
http://sweetontology.net/stateSystem#Balanced		PATO:0000757	balanced	label	label	Balanced	balanced	100.0	0.5	1.0	4	1.0	0.20676306064494943	0.20676306064494943	0.3642325992996702	0.22224127941043098	True	True	False	False	2
http://sweetontology.net/stateSystem#Broken		PATO:0001444	broken	label	label	Broken	broken	100.0	1.0	1.0	0	0.5263157894736842	0.22115519308269405	0.22115519308269405	0.3475829748118253	0.21010663902278648	True	True	False	False	3
http://sweetontology.net/stateSystem#Closed		PATO:0000608	closed	label	label	Closed	closed	100.0	1.0	1.0	4	1.0	0.2122405140127806	0.2122405140127806	0.37388164914196187	0.20163732283247693	True	True	False	False	2
http://sweetontology.net/stateSystem#Complex		PATO:0001504	complex	label	label	Complex	complex	100.0	1.0	1.0	4	1.0	0.2122405140127806	0.2122405140127806	0.37388164914196187	0.20163732283247693	True	True	False	False	2
http://sweetontology.net/stateSystem#Hyperactive		PATO:0000760	increased behavioural activity	label	hasExactSynonym	Hyperactive	hyperactive	90.0	1.0	0.3333333333333333	4	1.0	0.20501321404895975	0.20501321404895975	0.3611500797623558	0.22882349213972483	True	True	False	False	2
http://sweetontology.net/stateSystem#Inactive		PATO:0002355	inactive	label	label	Inactive	inactive	100.0	1.0	0.3333333333333333	4	1.0	0.20501321404895975	0.20501321404895975	0.3611500797623558	0.22882349213972483	True	True	False	False	2
http://sweetontology.net/stateSystem#Incomplete		PATO:0000297	arrested	label	hasRelatedSynonym	Incomplete	incomplete	50.0	1.0	1.0	4	1.0	0.2122405140127806	0.2122405140127806	0.37388164914196187	0.20163732283247693	True	True	False	False	2
http://sweetontology.net/stateSystem#Intermittent		PATO:0000690	discontinuous	label	hasRelatedSynonym	Intermittent	intermittent	50.0	1.0	1.0	0	0.1724137931034483	0.22115519308269405	0.22115519308269405	0.3475829748118253	0.21010663902278648	True	True	False	False	6
http://sweetontology.net/stateSystem#Open		PATO:0000610	open	label	label	Open	open	100.0	1.0	1.0	0	0.5	0.22115519308269405	0.22115519308269405	0.3475829748118253	0.21010663902278648	True	True	False	False	3
http://sweetontology.net/stateSystem#Quiet		PATO:0001527	quiet	label	label	Quiet	quiet	100.0	1.0	1.0	4	1.0	0.2122405140127806	0.2122405140127806	0.37388164914196187	0.20163732283247693	True	True	False	False	2
http://sweetontology.net/stateSystem#Resilient		PATO:0001716	non-fragile	label	hasRelatedSynonym	Resilient	resilient	50.0	1.0	1.0	0	0.5	0.22115519308269405	0.22115519308269405	0.3475829748118253	0.21010663902278648	True	True	False	False	3
http://sweetontology.net/stateSystem#Stability		PATO:0015026	stability	label	label	Stability	stability	100.0	1.0	1.0	4	1.0	0.2122405140127806	0.2122405140127806	0.37388164914196187	0.20163732283247693	True	True	False	False	3
http://sweetontology.net/stateThermodynamic#Cold		PATO:0001306	decreased temperature	label	hasExactSynonym	Cold	cold	90.0	0.5	1.0	4	1.0	0.20676306064494943	0.20676306064494943	0.3642325992996702	0.22224127941043098	True	True	False	False	2
http://sweetontology.net/stateThermodynamic#Hot		PATO:0001305	increased temperature	label	hasExactSynonym	Hot	hot	90.0	1.0	0.5	4	1.0	0.20676306064494943	0.20676306064494943	0.3642325992996702	0.22224127941043098	True	True	False	False	2
http://sweetontology.net/stateTime#Age		PATO:0000011	age	label	label	Age	age	66.66666666666666	0.3333333333333333	0.5	2	0.27906976744186046	0.20524531835574705	0.20524531835574705	0.33560666729179506	0.2539026959967108	True	True	False	False	4
http://sweetontology.net/stateTime#Immature		PATO:0001501	immature	label	label	Immature	immature	100.0	0.2	1.0	4	1.0	0.20364611301523877	0.20364611301523877	0.35874180257075183	0.23396597139877062	True	True	False	False	2
http://sweetontology.net/stateTime#Mature		PATO:0001701	mature	label	label	Mature	mature	100.0	1.0	0.2	4	1.0	0.20364611301523877	0.20364611301523877	0.35874180257075183	0.23396597139877062	True	True	False	False	2
http://sweetontology.net/stateTime#Old		PATO:0000308	old	label	label	Old	old	80.0	0.5	0.6	4	1.0	0.20264125391439397	0.20264125391439397	0.35697164865114467	0.23774584352006747	True	True	False	False	2
http://sweetontology.net/stateTime#Period		PATO:0001309	duration	label	hasExactSynonym	Period	period	90.0	0.3333333333333333	1.0	0	0.1875	0.21331921772955784	0.21331921772955784	0.3352674076943179	0.23809415684656643	True	True	False	False	15
http://sweetontology.net/stateTime#Present		PATO:0000467	present	label	label	Present	present	100.0	0.25	1.0	4	1.0	0.20415520673508494	0.20415520673508494	0.3596386190924666	0.2320509674373636	True	True	False	False	2
http://sweetontology.net/stateTime#Recent		PATO:0001484	recent	label	label	Recent	recent	100.0	0.25	1.0	4	1.0	0.20415520673508494	0.20415520673508494	0.3596386190924666	0.2320509674373636	True	True	False	False	2
http://sweetontology.net/stateTime#Young		PATO:0000309	young	label	label	Young	young	80.0	0.6	0.5	4	1.0	0.20264125391439397	0.20264125391439397	0.35697164865114467	0.23774584352006747	True	True	False	False	2
http://sweetontology.net/stateTimeFrequency#Episodic		PATO:0002630	episodic	label	label	Episodic	episodic	100.0	1.0	0.16666666666666666	0	0.5	0.2114749110151213	0.2114749110151213	0.3323687662229889	0.24468141174676844	True	True	False	False	4
http://sweetontology.net/stateTimeFrequency#Frequent		PATO:0000380	increased frequency	label	hasRelatedSynonym	Frequent	frequent	50.0	0.42857142857142855	1.0	2	0.35714285714285715	0.21151754815092555	0.21151754815092555	0.34586269727051355	0.23110220642763546	True	True	False	False	3
http://sweetontology.net/stateTimeFrequency#Infrequent		PATO:0000381	decreased frequency	label	hasRelatedSynonym	Infrequent	infrequent	50.0	0.42857142857142855	1.0	2	0.35714285714285715	0.21151754815092555	0.21151754815092555	0.34586269727051355	0.23110220642763546	True	True	False	False	3
http://sweetontology.net/stateTimeFrequency#Interrupted		PATO:0000690	discontinuous	label	hasExactSynonym	Interrupted	interrupted	90.0	0.16666666666666666	1.0	0	0.3103448275862069	0.2114749110151213	0.2114749110151213	0.3323687662229889	0.24468141174676844	True	True	False	False	6
http://sweetontology.net/stateTimeFrequency#Uninterrupted		PATO:0000689	continuous	label	hasExactSynonym	Uninterrupted	uninterrupted	90.0	0.16666666666666666	1.0	2	0.47368421052631576	0.2086736317394285	0.2086736317394285	0.3412124703295771	0.24144026619156603	True	True	False	False	4
http://sweetontology.net/stateVisibility#Bright		PATO:0001229	high saturation	label	hasExactSynonym	Bright	bright	90.0	0.5	1.0	4	1.0	0.20676306064494943	0.20676306064494943	0.3642325992996702	0.22224127941043098	True	True	False	False	2
http://sweetontology.net/stateVisibility#Clear		PATO:0000964	transparent	label	hasExactSynonym	Clear	clear	90.0	0.2	1.0	2	0.47368421052631576	0.20902861537442746	0.20902861537442746	0.3417929214484603	0.24014984780268472	True	True	False	False	3
http://sweetontology.net/stateVisibility#Cloudy		PATO:0000963	opaque	label	hasRelatedSynonym	Cloudy	cloudy	50.0	0.5	1.0	2	0.3333333333333333	0.21231383544705776	0.21231383544705776	0.3471647456085834	0.2282075834973011	True	True	False	False	3
http://sweetontology.net/stateVisibility#Colored		PATO:0000336	colored	label	label	Colored	colored	100.0	0.5	1.0	4	1.0	0.20676306064494943	0.20676306064494943	0.3642325992996702	0.22224127941043098	True	True	False	False	2
http://sweetontology.net/stateVisibility#Dark		PATO:0000327	low brightness	label	hasExactSynonym	Dark	dark	90.0	0.25	1.0	4	1.0	0.20415520673508494	0.20415520673508494	0.3596386190924666	0.2320509674373636	True	True	False	False	2
http://sweetontology.net/stateVisibility#Light		PATO:0000665	high brightness	label	hasExactSynonym	Light	light	90.0	1.0	0.5	0	0.3333333333333333	0.215214380164869	0.215214380164869	0.33824597757474917	0.23132526209551293	True	True	False	False	4
http://sweetontology.net/stateVisibility#Murky		PATO:0001515	variable color	label	hasRelatedSynonym	Murky	murky	50.0	1.0	0.5	4	1.0	0.20676306064494943	0.20676306064494943	0.3642325992996702	0.22224127941043098	True	True	False	False	2
http://sweetontology.net/stateVisibility#Opaque		PATO:0000963	opaque	label	label	Opaque	opaque	100.0	1.0	0.3333333333333333	0	0.6666666666666666	0.21331921772955784	0.21331921772955784	0.3352674076943179	0.23809415684656643	True	True	False	False	3
http://sweetontology.net/stateVisibility#Translucent		PATO:0001354	translucent	label	label	Translucent	translucent	100.0	0.3333333333333333	1.0	4	1.0	0.20501321404895975	0.20501321404895975	0.3611500797623558	0.22882349213972483	True	True	False	False	2
http://sweetontology.net/stateVisibility#Transparent		PATO:0000964	transparent	label	label	Transparent	transparent	100.0	1.0	0.3333333333333333	0	0.5263157894736842	0.21331921772955784	0.21331921772955784	0.3352674076943179	0.23809415684656643	True	True	False	False	3

